{
  "nodes": [
    {
      "match": 1.0,
      "name": "45 Engagements",
      "artist": "OSELS",
      "id": "osels",
      "playcount": 45
    },
    {
      "match": 1.0,
      "name": "30 Engagements",
      "artist": "OSELS:PHSIPO",
      "id": "osels_phsipo",
      "playcount": 30
    },
    {
      "match": 1.0,
      "name": "ELR Monitoring - Mapping Tool Evaluation (98)",
      "artist": "OSELS:PHSIPO",
      "id": "osels_phsipo_98",
      "playcount": 1
    },
    {
      "match": 1.0,
      "name": "2011 SAT Recertification (87)",
      "artist": "OSELS:PHSIPO",
      "id": "osels_phsipo_87",
      "playcount": 1
    },
    {
      "match": 1.0,
      "name": "VIRTUAL PLATFORM INITIATIVE (VPI) WEBCAST TESTING ENVIRONMENT (113)",
      "artist": "OSELS:PHSIPO",
      "id": "osels_phsipo_113",
      "playcount": 1
    },
    {
      "match": 1.0,
      "name": "Sharepoint 2010 / Team Foundation 2010 SBC and Workflow Design (49)",
      "artist": "OSELS:PHSIPO",
      "id": "osels_phsipo_49",
      "playcount": 1
    },
    {
      "match": 1.0,
      "name": "ISSO Federal Desktop Core Configuration Testing (64)",
      "artist": "OSELS:PHSIPO",
      "id": "osels_phsipo_64",
      "playcount": 1
    },
    {
      "match": 1.0,
      "name": "7 Engagements",
      "artist": "OSELS:PHSIPO:IRDA",
      "id": "osels_phsipo_irda",
      "playcount": 7
    },
    {
      "match": 1.0,
      "name": "R&D Lab Web Presence Prototype (44)",
      "artist": "OSELS:PHSIPO:IRDA",
      "id": "osels_phsipo_irda_44",
      "playcount": 1
    },
    {
      "match": 1.0,
      "name": "Full Evaluation of EpiCollect - Data Collection Tool (46)",
      "artist": "OSELS:PHSIPO:IRDA",
      "id": "osels_phsipo_irda_46",
      "playcount": 1
    },
    {
      "match": 1.0,
      "name": "Public Health News - Content Presentation Prototype (45)",
      "artist": "OSELS:PHSIPO:IRDA",
      "id": "osels_phsipo_irda_45",
      "playcount": 1
    },
    {
      "match": 1.0,
      "name": "Harvard - SMArt App for Public Health Prototype (38)",
      "artist": "OSELS:PHSIPO:IRDA",
      "id": "osels_phsipo_irda_38",
      "playcount": 1
    },
    {
      "match": 1.0,
      "name": "R&D Lab Internal App Store (124)",
      "artist": "OSELS:PHSIPO:IRDA",
      "id": "osels_phsipo_irda_124",
      "playcount": 1
    },
    {
      "match": 1.0,
      "name": "Lab Prototype & Web Portal Infrastructure Framework (68)",
      "artist": "OSELS:PHSIPO:IRDA",
      "id": "osels_phsipo_irda_68",
      "playcount": 1
    },
    {
      "match": 1.0,
      "name": "Open Source Software Tool Infrastructure / HL7 Transformation Module Use Case (75)",
      "artist": "OSELS:PHSIPO:IRDA",
      "id": "osels_phsipo_irda_75",
      "playcount": 1
    },
    {
      "match": 1.0,
      "name": "2 Engagements",
      "artist": "OSELS:PHSIPO:DNDHI",
      "id": "osels_phsipo_dndhi",
      "playcount": 2
    },
    {
      "match": 1.0,
      "name": "National Notifiable Disease Case Definition Database and NNDSS Website (119)",
      "artist": "OSELS:PHSIPO:DNDHI:NNDSS",
      "id": "osels_phsipo_dndhi_nndss_119",
      "playcount": 1
    },
    {
      "match": 1.0,
      "name": "DEMONSTRATION AND TUTORIAL OF THE NEDSS BASE SYSTEM (NBS) (109)",
      "artist": "OSELS:PHSIPO:DNDHI",
      "id": "osels_phsipo_dndhi_109",
      "playcount": 1
    },
    {
      "match": 1.0,
      "name": "Countermeasure Tracking System (CTS) Platform Testing (43)",
      "artist": "OSELS:PHSIPO:DISO",
      "id": "osels_phsipo_diso_43",
      "playcount": 1
    },
    {
      "match": 1.0,
      "name": "NHIN Direct Prototype (51)",
      "artist": "OSELS:PHSIPO:DISO",
      "id": "osels_phsipo_diso_51",
      "playcount": 1
    },
    {
      "match": 1.0,
      "name": "PHIN VADS IHE Connectathon Testing (56)",
      "artist": "OSELS:PHSIPO:DISO",
      "id": "osels_phsipo_diso_56",
      "playcount": 1
    },
    {
      "match": 1.0,
      "name": "CDC Wonder Web App Prototype User Acceptance Testing (61)",
      "artist": "OSELS:PHSIPO:DISO",
      "id": "osels_phsipo_diso_61",
      "playcount": 1
    },
    {
      "match": 1.0,
      "name": "CDC Wonder Web Application Browser Testing (60)",
      "artist": "OSELS:PHSIPO:DISO",
      "id": "osels_phsipo_diso_60",
      "playcount": 1
    },
    {
      "match": 1.0,
      "name": "User Experience Workshop - Inventory Management Prototype (74)",
      "artist": "OSELS:PHSIPO:DISO",
      "id": "osels_phsipo_diso_74",
      "playcount": 1
    },
    {
      "match": 1.0,
      "name": "PHLISSA HUB Prototype (88)",
      "artist": "OSELS:PHSIPO:DISO",
      "id": "osels_phsipo_diso_88",
      "playcount": 1
    },
    {
      "match": 1.0,
      "name": "AN EVALUATION OF THE MEDICAL INFORMATION NETWORK FOR OPERATIONAL SUPPORT (MINOS) (117)",
      "artist": "OSELS:PHSIPO:DISO",
      "id": "osels_phsipo_diso_117",
      "playcount": 1
    },
    {
      "match": 1.0,
      "name": "Reportable Conditions Knowledge Base (140)",
      "artist": "OSELS:PHSIPO:DISO",
      "id": "osels_phsipo_diso_140",
      "playcount": 1
    },
    {
      "match": 1.0,
      "name": "LRN RESULTS MESSENGER (138)",
      "artist": "OSELS:PHSIPO:DISO",
      "id": "osels_phsipo_diso_138",
      "playcount": 1
    },
    {
      "match": 1.0,
      "name": "10 Engagements",
      "artist": "OSELS:PHSIPO:DISO",
      "id": "osels_phsipo_diso",
      "playcount": 10
    },
    {
      "match": 1.0,
      "name": "4 Engagements",
      "artist": "OSELS:PHSIPO:DIPPC",
      "id": "osels_phsipo_dippc",
      "playcount": 4
    },
    {
      "match": 1.0,
      "name": "Thunderstone Search Appliance Installation (58)",
      "artist": "OSELS:PHSIPO:DIPPC",
      "id": "osels_phsipo_dippc_58",
      "playcount": 1
    },
    {
      "match": 1.0,
      "name": "PHIFP - Community Health Record (89)",
      "artist": "OSELS:PHSIPO:DIPPC",
      "id": "osels_phsipo_dippc_89",
      "playcount": 1
    },
    {
      "match": 1.0,
      "name": "Electronic Health Record - Data Extraction/Presentation (70)",
      "artist": "OSELS:PHSIPO:DIPPC",
      "id": "osels_phsipo_dippc_70",
      "playcount": 1
    },
    {
      "match": 1.0,
      "name": "Community Health Record UX Assistance (120)",
      "artist": "OSELS:PHSIPO:DIPPC",
      "id": "osels_phsipo_dippc_120",
      "playcount": 1
    },
    {
      "match": 1.0,
      "name": "NPHSB Registry Alternatives Analysis (73)",
      "artist": "OSELS:PHSIPO:BC",
      "id": "osels_phsipo_bc_73",
      "playcount": 1
    },
    {
      "match": 1.0,
      "name": "Testing Weave for BRFSS State Support (123)",
      "artist": "OSELS:PHSIPO:DBS",
      "id": "osels_phsipo_dbs_123",
      "playcount": 1
    },
    {
      "match": 1.0,
      "name": "Lectora Online (eLearning & LMS system) Demonstration (50)",
      "artist": "OSELS:SEPDPO:DLP:EDAB",
      "id": "osels_sepdpo_dlp_edab_50",
      "playcount": 1
    },
    {
      "match": 1.0,
      "name": "4 Engagements",
      "artist": "OSELS:NCHS",
      "id": "osels_nchs",
      "playcount": 4
    },
    {
      "match": 1.0,
      "name": "EZ-MMD Tablet Testing (111)",
      "artist": "OSELS:NCHS:MMCB",
      "id": "osels_nchs_mmcb_111",
      "playcount": 1
    },
    {
      "match": 1.0,
      "name": "DATA ONLINE QUERY SYSTEM (NCHS DOQS) - IBIS Renewal (143)",
      "artist": "OSELS:NCHS",
      "id": "osels_nchs_143",
      "playcount": 1
    },
    {
      "match": 1.0,
      "name": "Health Statistics Web Presentation System (IBIS) Prototype (37)",
      "artist": "OSELS:NCHS",
      "id": "osels_nchs_37",
      "playcount": 1
    },
    {
      "match": 1.0,
      "name": "NCHS Data Online Query System (NCHS DOQS) (105)",
      "artist": "OSELS:NCHS",
      "id": "osels_nchs_105",
      "playcount": 1
    },
    {
      "match": 1.0,
      "name": "3 Engagements",
      "artist": "OSELS:LSPPPO",
      "id": "osels_lspppo",
      "playcount": 3
    },
    {
      "match": 1.0,
      "name": "Specimen Inventory Management System (104)",
      "artist": "OSELS:LSPPPO:DLP",
      "id": "osels_lspppo_dlpp_104",
      "playcount": 1
    },
    {
      "match": 1.0,
      "name": "Bleeding Disorder Laboratory Test Algorithm iPhone App Prototype (57)",
      "artist": "OSELS:LSPPPO",
      "id": "osels_lspppo_57",
      "playcount": 1
    },
    {
      "match": 1.0,
      "name": "Laboratory Test Order Decision Support Knowledgebase (62)",
      "artist": "OSELS:LSPPPO",
      "id": "osels_lspppo_62",
      "playcount": 1
    },
    {
      "match": 1.0,
      "name": "7 Engagements",
      "artist": "OSELS:EAPO",
      "id": "osels_eapo",
      "playcount": 7
    },
    {
      "match": 1.0,
      "name": "MMWR Prototype for the iPad (41)",
      "artist": "OSELS:EAPO",
      "id": "osels_eapo_41",
      "playcount": 1
    },
    {
      "match": 1.0,
      "name": "MMWR ePub Prototype Development (59)",
      "artist": "OSELS:EAPO",
      "id": "osels_eapo_59",
      "playcount": 1
    },
    {
      "match": 1.0,
      "name": "Epi Info Web Survey (121)",
      "artist": "OSELS:EAPO",
      "id": "osels_eapo_121",
      "playcount": 1
    },
    {
      "match": 1.0,
      "name": "4 Engagements",
      "artist": "OSELS:EAPO:DEAM",
      "id": "osels_eapo_deam",
      "playcount": 4
    },
    {
      "match": 1.0,
      "name": "Real-Time Mobile Surveillance- CDC FASTXChange Prototype (40)",
      "artist": "OSELS:EAPO:DEAM",
      "id": "osels_eapo_deam_40",
      "playcount": 1
    },
    {
      "match": 1.0,
      "name": "Geospatial Platform Integration Prototype (24)",
      "artist": "OSELS:EAPO:DEAM",
      "id": "osels_eapo_deam_24",
      "playcount": 1
    },
    {
      "match": 1.0,
      "name": "2 Engagements",
      "artist": "OSELS:EAPO:DEAM:OMS",
      "id": "osels_eapo_deam_oms",
      "playcount": 2
    },
    {
      "match": 1.0,
      "name": "OMS Public Health Preparedness (PHEP) 2011 Summit Demonstration (47)",
      "artist": "OSELS:EAPO:DEAM:OMS",
      "id": "osels_eapo_deam_oms_47",
      "playcount": 1
    },
    {
      "match": 1.0,
      "name": "OMS Artifacts Archive Initiative (71)",
      "artist": "OSELS:EAPO:DEAM:OMS",
      "id": "osels_eapo_deam_oms_71",
      "playcount": 1
    },
    {
      "match": 1.0,
      "name": "4 Engagements",
      "artist": "OPHPR",
      "id": "ophpr",
      "playcount": 4
    },
    {
      "match": 1.0,
      "name": "Communication Surveillance &  Social Media Monitoring Prototype (92)",
      "artist": "OPHPR:DEO:ERCB",
      "id": "ophpr_deo_ercb_92",
      "playcount": 1
    },
    {
      "match": 1.0,
      "name": "Social Media Tools for Situational Awareness Prototype (PHTweet) (94)",
      "artist": "OPHPR:DEO",
      "id": "ophpr_deo_94",
      "playcount": 1
    },
    {
      "match": 1.0,
      "name": "Situational Awareness Information System Dashboard Prototype (93)",
      "artist": "OPHPR:DEO",
      "id": "ophpr_deo_93",
      "playcount": 1
    },
    {
      "match": 1.0,
      "name": "EPI-X NIEM Data Communication w/ EA (110)",
      "artist": "OPHPR:DEO",
      "id": "ophpr_deo_110",
      "playcount": 1
    },
    {
      "match": 1.0,
      "name": "11 Engagements",
      "artist": "ONDIEH",
      "id": "ondieh",
      "playcount": 11
    },
    {
      "match": 1.0,
      "name": "6 Engagements",
      "artist": "ONDIEH:NCCDPHP",
      "id": "ondieh_nccdphp",
      "playcount": 6
    },
    {
      "match": 1.0,
      "name": "US Cancer Statistics (USCS) Report Testing (108)",
      "artist": "ONDIEH:NCCDPHP:DCPC",
      "id": "ondieh_nccdphp_dcpc_108",
      "playcount": 1
    },
    {
      "match": 1.0,
      "name": "PREVENTING CHRONIC DISEASE (PCD) IPAD LOANER (133)",
      "artist": "ONDIEH:NCCDPHP:OD:PCDJ",
      "id": "ondieh_nccdphp_od_pcdj_133",
      "playcount": 1
    },
    {
      "match": 1.0,
      "name": "Be Smoke Free Facebook App (102)",
      "artist": "ONDIEH:NCCDPHP:OIIRM",
      "id": "ondieh_nccdphp_oiirm_102",
      "playcount": 1
    },
    {
      "match": 1.0,
      "name": "Chronic Kidney Disease (CKD) Web Portal Evaluation (27)",
      "artist": "ONDIEH:NCCDPHP",
      "id": "ondieh_nccdphp_27",
      "playcount": 1
    },
    {
      "match": 1.0,
      "name": "NCCDPHP DDT CKD (132)",
      "artist": "ONDIEH:NCCDPHP",
      "id": "ondieh_nccdphp_132",
      "playcount": 1
    },
    {
      "match": 1.0,
      "name": "Chronic Kidney Disease Surveillance System (103)",
      "artist": "ONDIEH:NCCDPHP",
      "id": "ondieh_nccdphp_103",
      "playcount": 1
    },
    {
      "match": 1.0,
      "name": "Universal Data Collection System Testing (54)",
      "artist": "ONDIEH:NCBDDD:DBD",
      "id": "ondieh_ncbddd_dbd_54",
      "playcount": 1
    },
    {
      "match": 1.0,
      "name": "WISQARS APP TABLETS (129)",
      "artist": "ONDIEH:NCIPC:OSP",
      "id": "ondieh_ncipc_osp_129",
      "playcount": 1
    },
    {
      "match": 1.0,
      "name": "3 Engagements",
      "artist": "ONDIEH:ATSDR/NCEH",
      "id": "ondieh_atsdr_nceh",
      "playcount": 3
    },
    {
      "match": 1.0,
      "name": "ATSDR Mobile Device Research (141)",
      "artist": "ONDIEH:ATSDR/NCEH:DCHI",
      "id": "ondieh_atsdr_nceh_dchi_141",
      "playcount": 1
    },
    {
      "match": 1.0,
      "name": "Enviromental Public Health Tracking System - Mobile App Prototype (76)",
      "artist": "ONDIEH:ATSDR/NCEH:DHHE:EHTB",
      "id": "ondieh_atsdr_nceh_dhhe_ehtb_76",
      "playcount": 1
    },
    {
      "match": 1.0,
      "name": "NCEH ATSDR APP TESTING WITH TABLETS (122)",
      "artist": "ONDIEH:ATSDR/NCEH:OD",
      "id": "ondieh_atsdr_nceh_122",
      "playcount": 1
    },
    {
      "match": 1.0,
      "name": "Mobile Applications (“app”) to Increase HIV Testing Behavior and HIV Prevention with Positive Persons (90)",
      "artist": "OID:NCHHSTP:DHAP:PRB",
      "id": "oid_nchhstp_dhap_prb_90",
      "playcount": 1
    },
    {
      "match": 1.0,
      "name": "2012 UPDATE TO STD TREATMENT EBOOK (144)",
      "artist": "OID:NCHHSTP:DSTDP",
      "id": "oid_nchhstp_dstdp_144",
      "playcount": 1
    },
    {
      "match": 1.0,
      "name": "Web/Digital Media Development and Evaluation (67)",
      "artist": "OID:NCHHSTP:OD:HCSO",
      "id": "oid_nchhstp_od_hcso_67",
      "playcount": 1
    },
    {
      "match": 1.0,
      "name": "2010 STD Treatment Guidelines for eReaders Prototype (31)",
      "artist": "OID:NCHHSTP",
      "id": "oid_nchhstp_31",
      "playcount": 1
    },
    {
      "match": 1.0,
      "name": "STD3: Cross-Platform STD Guidelines App (125)",
      "artist": "OID:NCHHSTP",
      "id": "oid_nchhstp_125",
      "playcount": 1
    },
    {
      "match": 1.0,
      "name": "2010 STD Treatment Guidelines ePub - 2012 Updates (126)",
      "artist": "OID:NCHHSTP",
      "id": "oid_nchhstp_126",
      "playcount": 1
    },
    {
      "match": 1.0,
      "name": "8 Engagements",
      "artist": "OID:NCHHSTP",
      "id": "oid_nchhstp",
      "playcount": 8
    },
    {
      "match": 1.0,
      "name": "2 Engagements",
      "artist": "OID:NCHHSTP:BIRB",
      "id": "oid_nchhstp_birb",
      "playcount": 2
    },
    {
      "match": 1.0,
      "name": "2010 STD Treatment Guidelines for the iPhone (28)",
      "artist": "OID:NCHHSTP:BIRB",
      "id": "oid_nchhstp_birb_28",
      "playcount": 1
    },
    {
      "match": 1.0,
      "name": "Secure State-level access to explicit web content for prevention efforts (29)",
      "artist": "OID:NCHHSTP:BIRB",
      "id": "oid_nchhstp_birb_29",
      "playcount": 1
    },
    {
      "match": 1.0,
      "name": "2 Engagements",
      "artist": "OID:NCEZID",
      "id": "oid_ncezid",
      "playcount": 2
    },
    {
      "match": 1.0,
      "name": "Arctic Investigations Program Information System (91)",
      "artist": "OID:NCEZID",
      "id": "oid_ncezid_91",
      "playcount": 1
    },
    {
      "match": 1.0,
      "name": "NHSN - Mobile iPad Prototype for Centeral Line Inseration Practices Adherence Monitoring (100)",
      "artist": "OID:NCEZID",
      "id": "oid_ncezid_100",
      "playcount": 1
    },
    {
      "match": 1.0,
      "name": "Comprehensive Clinic Assessment Software Application (CoCASA) Win7 Testing (66)",
      "artist": "OID:NCIRD",
      "id": "oid_ncird_66",
      "playcount": 1
    },
    {
      "match": 1.0,
      "name": "11 Engagements",
      "artist": "OID",
      "id": "oid",
      "playcount": 11
    },
    {
      "match": 1.0,
      "name": "2 Engagements",
      "artist": "OCIO:ITSO",
      "id": "ocio_itso",
      "playcount": 2
    },
    {
      "match": 1.0,
      "name": "SDN - Certificate Testing / Multiple Platforms (25)",
      "artist": "OCIO:ITSO",
      "id": "ocio_itso_25",
      "playcount": 1
    },
    {
      "match": 1.0,
      "name": "MOCANA MOBILE APPLICATION PROTECTION (112)",
      "artist": "OCIO:ITSO",
      "id": "ocio_itso_112",
      "playcount": 1
    },
    {
      "match": 1.0,
      "name": "9 Engagements",
      "artist": "OADC",
      "id": "oadc",
      "playcount": 9
    },
    {
      "match": 1.0,
      "name": "Public Web Portal - JBoss vs. BEA WebLogic (69)",
      "artist": "OADC:DNEM",
      "id": "oadc_dnem_69",
      "playcount": 1
    },
    {
      "match": 1.0,
      "name": "R&D Research - ORISE Fellow (79)",
      "artist": "OADC:OD",
      "id": "oadc_od_79",
      "playcount": 1
    },
    {
      "match": 1.0,
      "name": "Technology-Based Health Literacy Index - Evaluation Prototype (39)",
      "artist": "OADC:OD",
      "id": "oadc_od_39",
      "playcount": 1
    },
    {
      "match": 1.0,
      "name": "CDC Content Syndication Prototype (33)",
      "artist": "OADC:OD",
      "id": "oadc_od_33",
      "playcount": 1
    },
    {
      "match": 1.0,
      "name": "CDC.GOV Site Testing - Desktop / Mobile versions (35)",
      "artist": "OADC:OD",
      "id": "oadc_od_35",
      "playcount": 1
    },
    {
      "match": 1.0,
      "name": "CDC Web Content Management System Testing (34)",
      "artist": "OADC:OD",
      "id": "oadc_od_34",
      "playcount": 1
    },
    {
      "match": 1.0,
      "name": "CDC Web Content Management System Developer Collaboration Session (72)",
      "artist": "OADC:OD",
      "id": "oadc_od_72",
      "playcount": 1
    },
    {
      "match": 1.0,
      "name": "CDC Web Content Management System Training (97)",
      "artist": "OADC:OD",
      "id": "oadc_od_97",
      "playcount": 1
    },
    {
      "match": 1.0,
      "name": "Contagion Twitter Intervention (96)",
      "artist": "OADC:OD",
      "id": "oadc_od_96",
      "playcount": 1
    },
    {
      "match": 1.0,
      "name": "NIOSH MOBILE AND EPUB EVALUATION (135)",
      "artist": "NIOSH:EID",
      "id": "niosh_eid_135",
      "playcount": 1
    },
    {
      "match": 1.0,
      "name": "IMPROVING SITUATIONAL AWARENESS IN MINING (136)",
      "artist": "NIOSH:OMSHR:HFB:CEL",
      "id": "niosh_omshr_hfb_cel_136",
      "playcount": 1
    },
    {
      "match": 1.0,
      "name": "Mobile NIOSH Pocket Guide to Chemical Hazards (80)",
      "artist": "NIOSH",
      "id": "niosh_80",
      "playcount": 1
    },
    {
      "match": 1.0,
      "name": "NIOSH-Approved Particulate Filtering Facepiece Respirators iPhone App (52)",
      "artist": "NIOSH",
      "id": "niosh_52",
      "playcount": 1
    },
    {
      "match": 1.0,
      "name": "NIOSH ePub prototype Development (53)",
      "artist": "NIOSH",
      "id": "niosh_53",
      "playcount": 1
    },
    {
      "match": 1.0,
      "name": "NIOSH Mobile Virtual Reality Training Environment for Mine Safety (99)",
      "artist": "NIOSH",
      "id": "niosh_99",
      "playcount": 1
    },
    {
      "match": 1.0,
      "name": "EVALUATION OF SOUND MEASUREMENT APPS (139)",
      "artist": "NIOSH:DART",
      "id": "niosh_dart_139",
      "playcount": 1
    },
    {
      "match": 1.0,
      "name": "DART MOBILE APPLICATION DEVELOPMENT TO SUPPORT DATA COLLECTION/ INTERACTION (134)",
      "artist": "NIOSH:DART:OSHFB",
      "id": "niosh_dart_oshfb_134",
      "playcount": 1
    },
    {
      "match": 1.0,
      "name": "2 Engagements",
      "artist": "NIOSH:DART",
      "id": "niosh_dart",
      "playcount": 2
    },
    {
      "match": 1.0,
      "name": "8 Engagements",
      "artist": "NIOSH",
      "id": "niosh",
      "playcount": 8
    },
    {
      "match": 1.0,
      "name": "OFEA / FMO  Technology Sandbox (101)",
      "artist": "FMO:OFEA",
      "id": "fmo_ofea_101",
      "playcount": 1
    },
    {
      "match": 1.0,
      "name": "FMO SYSTEM MONITORING TOOL ASSESSMENT (131)",
      "artist": "FMO:FSB",
      "id": "fmo_fsb_131",
      "playcount": 1
    },
    {
      "match": 1.0,
      "name": "2 Engagements",
      "artist": "FMO",
      "id": "fmo",
      "playcount": 2
    },
    {
      "match": 1.0,
      "name": "TECHNOLOGY EVALUATION PROJECT ILB (114)",
      "artist": "CGH:ILB",
      "id": "cgh_ilb_114",
      "playcount": 1
    },
    {
      "match": 1.0,
      "name": "CDC GLOBAL AIDS PROGRAM (GAP) DATA MANAGEMENT TEAM (137)",
      "artist": "CGH:GAP",
      "id": "cgh_gap_137",
      "playcount": 1
    },
    {
      "match": 1.0,
      "name": "Mobile-based Hajj Infectious Disease Surveillance System in The Kingdom of Saudi Arabia (phase 2) (36)",
      "artist": "CGH:DGHA",
      "id": "cgh_dphswd_gphip_36",
      "playcount": 1
    },
    {
      "match": 1.0,
      "name": "INTERNATIONAL MOBILE DATA COLLECTION DEVICE VALIDATION (130)",
      "artist": "CGH:DGHA",
      "id": "cgh_dpdm_130",
      "playcount": 1
    },
    {
      "match": 1.0,
      "name": "Android as a platform for population-based mobile data collection (42)",
      "artist": "CGH:DGHA",
      "id": "cgh_dpdm_42",
      "playcount": 1
    },
    {
      "match": 1.0,
      "name": "2 Engagements",
      "artist": "CGH:DPDM",
      "id": "cgh_dpdm",
      "playcount": 2
    },
    {
      "match": 1.0,
      "name": "OPEN SOURCE GIS R+D FOR USE WITHIN LOW RESOURCE COUNTRIES (118)",
      "artist": "CGH:DGHA",
      "id": "cgh_dgha_118",
      "playcount": 1
    },
    {
      "match": 1.0,
      "name": "HIS INTEROPERABILITY DEMONSTRATIONS (142)",
      "artist": "CGH:DGHA",
      "id": "cgh_dgha_142",
      "playcount": 1
    },
    {
      "match": 1.0,
      "name": "2 Engagements",
      "artist": "CGH:DGHA",
      "id": "cgh_dgha",
      "playcount": 2
    },
    {
      "match": 1.0,
      "name": "7 Engagements",
      "artist": "CGH",
      "id": "cgh",
      "playcount": 7
    },
    {
      "match": 1.0,
      "name": "Organization",
      "artist": "IRDA",
      "id": "irda",
      "playcount": 1
    },
    {
      "match": 0.983114,
      "name": "Organization",
      "artist": "ITSO",
      "id": "itso",
      "playcount": 1
    }
  ],
  "links": [
    {
      "source": "irda",
      "target": "fmo"
    },
    {
      "source": "fmo",
      "target": "fmo_fsb_131"
    },
    {
      "source": "fmo",
      "target": "fmo_ofea_101"
    },
    {
      "source": "cgh",
      "target": "cgh_ilb_114"
    },
    {
      "source": "cgh",
      "target": "cgh_gap_137"
    },
    {
      "source": "cgh",
      "target": "cgh_dphswd_gphip_36"
    },
    {
      "source": "cgh_dpdm",
      "target": "cgh_dpdm_42"
    },
    {
      "source": "cgh_dpdm",
      "target": "cgh_dpdm_130"
    },
    {
      "source": "cgh",
      "target": "cgh_dpdm"
    },
    {
      "source": "cgh_dgha",
      "target": "cgh_dgha_118"
    },
    {
      "source": "cgh_dgha",
      "target": "cgh_dgha_142"
    },
    {
      "source": "cgh",
      "target": "cgh_dgha"
    },
    {
      "source": "irda",
      "target": "cgh"
    },
    {
      "source": "irda",
      "target": "oadc"
    },
    {
      "source": "irda",
      "target": "itso"
    },
    {
      "source": "irda",
      "target": "oadc"
    },
    {
      "source": "irda",
      "target": "niosh"
    },
    {
      "source": "niosh",
      "target": "niosh_dart"
    },
    {
      "source": "niosh_dart",
      "target": "niosh_dart_139"
    },
    {
      "source": "niosh_dart",
      "target": "niosh_dart_oshfb_134"
    },
    {
      "source": "niosh",
      "target": "niosh_eid_135"
    },
    {
      "source": "niosh",
      "target": "niosh_omshr_hfb_cel_136"
    },
    {
      "source": "niosh",
      "target": "niosh_80"
    },
    {
      "source": "niosh",
      "target": "niosh_52"
    },
    {
      "source": "niosh",
      "target": "niosh_53"
    },
    {
      "source": "niosh",
      "target": "niosh_99"
    },
    {
      "source": "oadc",
      "target": "oadc_dnem_69"
    },
    {
      "source": "oadc",
      "target": "oadc_od_79"
    },
    {
      "source": "oadc",
      "target": "oadc_od_39"
    },
    {
      "source": "oadc",
      "target": "oadc_od_33"
    },
    {
      "source": "oadc",
      "target": "oadc_od_34"
    },
    {
      "source": "oadc",
      "target": "oadc_od_35"
    },
    {
      "source": "oadc",
      "target": "oadc_od_72"
    },
    {
      "source": "oadc",
      "target": "oadc_od_97"
    },
    {
      "source": "oadc",
      "target": "oadc_od_96"
    },
    {
      "source": "irda",
      "target": "ocio_itso"
    },
    {
      "source": "ocio_itso",
      "target": "ocio_itso_25"
    },
    {
      "source": "ocio_itso",
      "target": "ocio_itso_112"
    },
    {
      "source": "irda",
      "target": "oid"
    },
    {
      "source": "oid",
      "target": "oid_ncird_66"
    },
    {
      "source": "oid",
      "target": "oid_ncezid"
    },
    {
      "source": "oid_ncezid",
      "target": "oid_ncezid_91"
    },
    {
      "source": "oid_ncezid",
      "target": "oid_ncezid_100"
    },
    {
      "source": "oid",
      "target": "oid_nchhstp"
    },
    {
      "source": "oid_nchhstp",
      "target": "oid_nchhstp_birb"
    },
    {
      "source": "oid_nchhstp_birb",
      "target": "oid_nchhstp_birb_28"
    },
    {
      "source": "oid_nchhstp_birb",
      "target": "oid_nchhstp_birb_29"
    },
    {
      "source": "oid_nchhstp",
      "target": "oid_nchhstp_dhap_prb_90"
    },
    {
      "source": "oid_nchhstp",
      "target": "oid_nchhstp_dstdp_144"
    },
    {
      "source": "oid_nchhstp",
      "target": "oid_nchhstp_od_hcso_67"
    },
    {
      "source": "oid_nchhstp",
      "target": "oid_nchhstp_31"
    },
    {
      "source": "oid_nchhstp",
      "target": "oid_nchhstp_125"
    },
    {
      "source": "oid_nchhstp",
      "target": "oid_nchhstp_126"
    },
    {
      "source": "irda",
      "target": "ondieh"
    },
    {
      "source": "irda",
      "target": "ophpr"
    },
    {
      "source": "ophpr",
      "target": "ophpr_deo_ercb_92"
    },
    {
      "source": "ophpr",
      "target": "ophpr_deo_94"
    },
    {
      "source": "ophpr",
      "target": "ophpr_deo_93"
    },
    {
      "source": "ophpr",
      "target": "ophpr_deo_110"
    },
    {
      "source": "ondieh",
      "target": "ondieh_atsdr_nceh"
    },
    {
      "source": "ondieh",
      "target": "ondieh_nccdphp"
    },
    {
      "source": "ondieh_nccdphp",
      "target": "ondieh_nccdphp_dcpc_108"
    },
    {
      "source": "ondieh_nccdphp",
      "target": "ondieh_nccdphp_od_pcdj_133"
    },
    {
      "source": "ondieh_nccdphp",
      "target": "ondieh_nccdphp_oiirm_102"
    },
    {
      "source": "ondieh_nccdphp",
      "target": "ondieh_nccdphp_27"
    },
    {
      "source": "ondieh_nccdphp",
      "target": "ondieh_nccdphp_132"
    },
    {
      "source": "ondieh_nccdphp",
      "target": "ondieh_nccdphp_103"
    },
    {
      "source": "ondieh",
      "target": "ondieh_ncbddd_dbd_54"
    },
    {
      "source": "ondieh",
      "target": "ondieh_ncipc_osp_129"
    },
    {
      "source": "ondieh_atsdr_nceh",
      "target": "ondieh_atsdr_nceh_dchi_141"
    },
    {
      "source": "ondieh_atsdr_nceh",
      "target": "ondieh_atsdr_nceh_dhhe_ehtb_76"
    },
    {
      "source": "ondieh_atsdr_nceh",
      "target": "ondieh_atsdr_nceh_122"
    },
    {
      "source": "irda",
      "target": "osels"
    },
    {
      "source": "osels",
      "target": "osels_lspppo"
    },
    {
      "source": "osels_lspppo",
      "target": "osels_lspppo_dlpp_104"
    },
    {
      "source": "osels_lspppo",
      "target": "osels_lspppo_57"
    },
    {
      "source": "osels_lspppo",
      "target": "osels_lspppo_62"
    },
    {
      "source": "osels",
      "target": "osels_eapo"
    },
    {
      "source": "osels_eapo",
      "target": "osels_eapo_41"
    },
    {
      "source": "osels_eapo",
      "target": "osels_eapo_59"
    },
    {
      "source": "osels_eapo",
      "target": "osels_eapo_121"
    },
    {
      "source": "osels_eapo",
      "target": "osels_eapo_deam"
    },
    {
      "source": "osels_eapo_deam",
      "target": "osels_eapo_deam_24"
    },
    {
      "source": "osels_eapo_deam",
      "target": "osels_eapo_deam_40"
    },
    {
      "source": "osels_eapo_deam",
      "target": "osels_eapo_deam_oms"
    },
    {
      "source": "osels_eapo_deam_oms",
      "target": "osels_eapo_deam_oms_47"
    },
    {
      "source": "osels_eapo_deam_oms",
      "target": "osels_eapo_deam_oms_71"
    },
    {
      "source": "osels",
      "target": "osels_nchs"
    },
    {
      "source": "osels_nchs",
      "target": "osels_nchs_mmcb_111"
    },
    {
      "source": "osels_nchs",
      "target": "osels_nchs_143"
    },
    {
      "source": "osels_nchs",
      "target": "osels_nchs_37"
    },
    {
      "source": "osels_nchs",
      "target": "osels_nchs_105"
    },
    {
      "source": "osels",
      "target": "osels_sepdpo_dlp_edab_50"
    },
    {
      "source": "osels",
      "target": "osels_phsipo"
    },
    {
      "source": "osels_phsipo",
      "target": "osels_phsipo_bc_73"
    },
    {
      "source": "osels_phsipo",
      "target": "osels_phsipo_dbs_123"
    },
    {
      "source": "osels_phsipo",
      "target": "osels_phsipo_dippc"
    },
    {
      "source": "osels_phsipo_dippc",
      "target": "osels_phsipo_dippc_58"
    },
    {
      "source": "osels_phsipo_dippc",
      "target": "osels_phsipo_dippc_89"
    },
    {
      "source": "osels_phsipo_dippc",
      "target": "osels_phsipo_dippc_70"
    },
    {
      "source": "osels_phsipo_dippc",
      "target": "osels_phsipo_dippc_120"
    },
    {
      "source": "osels_phsipo",
      "target": "osels_phsipo_diso"
    },
    {
      "source": "osels_phsipo_diso",
      "target": "osels_phsipo_diso_43"
    },
    {
      "source": "osels_phsipo_diso",
      "target": "osels_phsipo_diso_51"
    },
    {
      "source": "osels_phsipo_diso",
      "target": "osels_phsipo_diso_56"
    },
    {
      "source": "osels_phsipo_diso",
      "target": "osels_phsipo_diso_61"
    },
    {
      "source": "osels_phsipo_diso",
      "target": "osels_phsipo_diso_60"
    },
    {
      "source": "osels_phsipo_diso",
      "target": "osels_phsipo_diso_74"
    },
    {
      "source": "osels_phsipo_diso",
      "target": "osels_phsipo_diso_88"
    },
    {
      "source": "osels_phsipo_diso",
      "target": "osels_phsipo_diso_117"
    },
    {
      "source": "osels_phsipo_diso",
      "target": "osels_phsipo_diso_140"
    },
    {
      "source": "osels_phsipo_diso",
      "target": "osels_phsipo_diso_138"
    },
    {
      "source": "osels_phsipo",
      "target": "osels_phsipo_dndhi"
    },
    {
      "source": "osels_phsipo_dndhi",
      "target": "osels_phsipo_dndhi_nndss_119"
    },
    {
      "source": "osels_phsipo_dndhi",
      "target": "osels_phsipo_dndhi_109"
    },
    {
      "source": "osels_phsipo",
      "target": "osels_phsipo_irda"
    },
    {
      "source": "osels_phsipo_irda",
      "target": "osels_phsipo_irda_44"
    },
    {
      "source": "osels_phsipo_irda",
      "target": "osels_phsipo_irda_46"
    },
    {
      "source": "osels_phsipo_irda",
      "target": "osels_phsipo_irda_45"
    },
    {
      "source": "osels_phsipo_irda",
      "target": "osels_phsipo_irda_38"
    },
    {
      "source": "osels_phsipo_irda",
      "target": "osels_phsipo_irda_124"
    },
    {
      "source": "osels_phsipo_irda",
      "target": "osels_phsipo_irda_68"
    },
    {
      "source": "osels_phsipo_irda",
      "target": "osels_phsipo_irda_75"
    },
    {
      "source": "osels_phsipo",
      "target": "osels_phsipo_98"
    },
    {
      "source": "osels_phsipo",
      "target": "osels_phsipo_87"
    },
    {
      "source": "osels_phsipo",
      "target": "osels_phsipo_113"
    },
    {
      "source": "osels_phsipo",
      "target": "osels_phsipo_49"
    },
    {
      "source": "osels_phsipo",
      "target": "osels_phsipo_64"
    }
  ]
}
